cell,batch,policy,cycle_life,C1,Q1,C2,avgC,dq_log_absmin,dq_mean,dq_log_var,dq_skew,dq_kurt,dq_2V,dq_var,dq_min,qd_slope_2_100,qd_int_2_100,qd_slope_91_100,qd_int_91_100,qd_2,qd_max_minus_2,qd_100,chargetime_5,tmax_2_100,tmin_2_100,tavg_2_100,ir_2,ir_min_2_100,ir_100_minus_2,log_life
b1c0,B1,3.6C(80%)-3.6C,1852.0,3.6,80.0,3.6,3.6,-2.0726479672819,-0.0028734152246919164,-5.014860998019518,-0.5320584720505735,-1.3483118916844854,0.0007679306774941441,9.663600264771342e-06,-0.008459642934268818,0.16919642079010974,1.0750487986004897,0.3532363636367517,1.0724246927272685,1.0706892,6.39320000000021,1.0759112,13.34144166666665,35.994705,29.102291,31.61722863390495,0.016724309,0.016443744,-0.04400300000000079,3.2676409823459154
b1c1,B1,3.6C(80%)-3.6C,2160.0,3.6,80.0,3.6,3.6,-1.9584566566778936,-0.00409961462134519,-5.01395957231477,-0.4293749031928047,-1.0291160019202557,-0.001194151876612759,9.683678956852016e-06,-0.011003816596621974,0.05535292517010829,1.0809645798796117,-0.4129999999997752,1.0847669999999974,1.0753012,9.288300000000138,1.0806487,13.426075000000008,34.712265,29.230637,31.33031430692745,0.017009802,0.016764179,-0.013277000000002509,3.3344537511509307
b1c2,B1,3.6C(80%)-3.6C,2237.0,3.6,80.0,3.6,3.6,-1.7640578612184012,-0.004486734282886989,-4.736999718278589,-1.0801942790076273,0.3486368188757716,-0.0008093136697813197,1.8323155109711005e-05,-0.017216391849644463,0.1029562523190523,1.0848461200828694,-0.4419696969694751,1.089364320606058,1.0799223,8.131200000000005,1.0849537,13.341382499999995,35.127342,29.269444,31.47958411321121,0.016831938,0.016613184,0.01045699999999844,3.34966598409663
b1c3,B1,4C(80%)-4C,1434.0,4.0,80.0,4.0,4.0,-1.722149303197852,-0.007455784700018413,-4.442613347243354,-0.43905046294046807,-1.0954158488747705,-0.0017590182433318002,3.608997994486938e-05,-0.018960539773269502,0.17136347557200055,1.0840750159715522,-0.03684242424173788,1.0851310951515079,1.0797229,6.530099999999983,1.084765,12.092436666666678,31.691414,29.023619,29.942198807956427,0.016325498,0.016098134,0.08230799999999969,3.1565491513317814
b1c4,B1,4C(80%)-4C,1709.0,4.0,80.0,4.0,4.0,-1.8551769586361941,-0.005750008121960181,-4.647743641009163,-0.36254812672859005,-1.3338305761630276,-0.0009167735272217481,2.2503824885676158e-05,-0.013957995093677344,0.18994317872597186,1.0818748211016285,-0.2932666666665371,1.085538346666665,1.0784167,5.899899999999958,1.0826309,12.008058333333368,35.651741,29.092649,31.42244328225818,0.016740341,0.016374491,-0.002613999999998007,3.232742062720737
b1c5,B1,4.4C(80%)-4.4C,1074.0,4.4,80.0,4.4,4.4,-1.598965334910794,-0.01107391297973859,-4.17887795674817,-0.1493501482196471,-1.227526520149324,-0.003880525468443974,6.624026126041227e-05,-0.025178778949337288,0.11228400742114243,1.0797547949964952,-0.23223030302972208,1.0820849993939332,1.0761266,5.943800000000055,1.0797876,11.001371666666698,34.56118,28.914812,30.867972114005607,0.016396422,0.016020564,-0.07930800000000016,3.0310042813635367
b1c6,B1,4.8C(80%)-4.8C,636.0,4.8,80.0,4.8,4.8,-1.4215207944023485,-0.015965056248274823,-3.768877897677007,-0.40793584962018636,-1.2380700944581655,-0.004688861494140495,0.00017026371292231957,-0.03788603931347978,-0.0480864687693515,1.0811570258392078,-0.6222545454543151,1.085484910909088,1.0758358,6.303200000000064,1.0793252,10.092771666666643,36.496124,29.495056,32.27384521945563,0.016977131,0.016541764,-0.30407600000000035,2.803457115648414
b1c7,B1,4.8C(80%)-4.8C,870.0,4.8,80.0,4.8,4.8,-1.4175572328040817,-0.016645727245619735,-3.8134860745003474,-0.3334166199580946,-1.120535904128327,-0.0073198034361492414,0.00015364340477588736,-0.03823338650707442,-0.06428188002477728,1.097254269911358,-0.4056606060605864,1.0998406187878782,1.0938644,4.104200000000002,1.0958742,10.008109999999942,36.053928,29.368095,31.990084509217034,0.016267659,0.016083084,0.005216999999998334,2.9395192526186187
b1c9,B1,5.4C(40%)-3.6C,1054.0,5.4,40.0,3.6,4.32,-1.541747889667631,-0.011510600568480111,-4.059383672790249,-0.4275910282835675,-1.1821708568020548,-0.0032513178017785638,8.72200481780871e-05,-0.028724475696229934,0.1820438589980905,1.0867714248039575,-0.13036969696925493,1.088946320606056,1.0829742,5.975700000000028,1.0876646,11.207968333333337,36.799232,29.999718,32.64153361126789,0.016933,0.016611163,0.01156100000000021,3.022840610876528
b1c11,B1,5.4C(50%)-3C,788.0,5.4,50.0,3.0,4.153846153846154,-1.6254072026117863,-0.008378205102529986,-4.146896524411297,-0.5948478865400659,-1.205555466507367,0.0005818342431713752,7.130228856858242e-05,-0.023691513033622602,0.21809402597402314,1.058971606326118,-0.1164303030298308,1.0611175193939344,1.0537786,9.460400000000035,1.0599643,11.652235833333316,37.128967,29.87781,32.75932260623101,0.016582273,0.015962802,-0.30730900000000216,2.8965262174895554
b1c14,B1,5.4C(60%)-3C,880.0,5.4,60.0,3.0,4.499999999999999,-1.5483063308744727,-0.011946218223467892,-4.046069835161314,-0.28245263733712345,-1.3132871189250308,-0.0025379028630776457,8.993529426869348e-05,-0.0282939556930506,0.26234124922695656,1.0747649768006593,-0.1947999999994354,1.0781431199999942,1.0709661,6.877699999999987,1.076214,10.763291666666676,37.818813,29.769632,33.07746279993842,0.017082188,0.016761526,-0.030718000000002493,2.9444826721501687
b1c15,B1,5.4C(60%)-3C,719.0,5.4,60.0,3.0,4.499999999999999,-1.5384331275199579,-0.011013089313180444,-4.0179490986414095,-0.4819985506782299,-1.250455985410066,-0.0009448339527269312,9.595130743781206e-05,-0.02894455469678503,0.290493605442089,1.0661753684708306,-0.2436727272723316,1.0701701345454502,1.0611236,8.215100000000142,1.0677497,10.763330000000012,38.216724,29.44138,33.147720104395674,0.017166486,0.016568966,-0.24205400000000196,2.8567288903828825
b1c16,B1,5.4C(60%)-3.6C,862.0,5.4,60.0,3.6,4.8,-1.5589858999214354,-0.012403806163792485,-4.099413669983678,-0.12294982972227239,-1.228098401990385,-0.004475491111722851,7.954013514589506e-05,-0.027606674842371115,0.2316027458255733,1.0852883825619455,-0.3059757575754398,1.0893639884848452,1.0811664,7.425499999999863,1.0863206,10.096461666666679,37.344147,29.542667,32.346884362621225,0.016791083,0.016544843,0.01964500000000216,2.9355072658247128
b1c17,B1,5.4C(60%)-3.6C,857.0,5.4,60.0,3.6,4.8,-1.5076871632825268,-0.013343115757399526,-3.970159447107843,-0.25598794617561316,-1.2907022981003802,-0.003769687040458658,0.00010711259692754453,-0.031067967108938555,0.17886231292516047,1.0761940385677176,-0.12675757575733707,1.078266404848482,1.072052,7.173799999999897,1.0770072,10.096853333333335,36.786541,29.182228,32.01180362246548,0.016739396,0.016594525,0.05188100000000015,2.932980821923198
b1c18,B1,5.4C(70%)-3C,691.0,5.4,70.0,3.0,4.909090909090909,-1.3552344300503583,-0.02070238680333876,-3.650080543213559,-0.05207889132502616,-1.346528286080605,-0.008717841863585152,0.00022383059792099492,-0.04413321540827286,-0.4754075940035587,1.0705300210595545,-1.0586606060601889,1.0749758587878744,1.0661705,3.975300000000015,1.0646114,9.958261666666688,36.084282,29.688587,31.915566758559216,0.019886132,0.015845969,-3.9945429999999997,2.8394780473741985
b1c19,B1,5.4C(70%)-3C,788.0,5.4,70.0,3.0,4.909090909090909,-1.3382564529530239,-0.020106274821769736,-3.6199068256267832,-0.2734236630130664,-1.2754147788119155,-0.007128244580230314,0.00023993476144574294,-0.04589269342650848,-0.10355845392708758,1.0888966198321994,-0.33252727272694665,1.0903139454545419,1.0851147,4.190699999999881,1.0871639,9.957923333333323,37.49086,29.91865,33.044085397077396,0.016386686,0.016205151,-0.010129000000001082,2.8965262174895554
b1c20,B1,5.4C(80%)-5.4C,534.0,5.4,80.0,5.4,5.4,-1.1966765604311387,-0.03279598300714767,-3.367237409234227,0.24167276572580954,-1.0727210228955253,-0.021207678239683947,0.00042930168171296525,-0.06358042689660326,-1.3977618181818627,1.0769696711313128,-2.3311272727268255,1.0845877254545406,1.07263,3.094200000000047,1.0614847,8.989326666666663,35.504932,29.662241,32.15292201754506,0.015572613,0.015036267,-0.41240400000000166,2.727541257028556
b1c21,B1,5.4C(80%)-5.4C,559.0,5.4,80.0,5.4,5.4,-1.188959728139912,-0.030657577112710634,-3.3503380506265663,-0.09016665223320511,-1.1430823300485558,-0.016681425655579618,0.00044633603224653485,-0.06472026276575493,-0.8178444155844783,1.0863975044992786,-1.5905272727268982,1.0926492854545415,1.0824388,3.4874000000000294,1.0769062,8.980751666666643,37.615559,29.948643,33.13697371135653,0.015273424,0.014894895,-0.12978899999999993,2.747411807886423
b1c23,B1,6C(30%)-3.6C,1014.0,6.0,30.0,3.6,4.235294117647059,-1.5235521784560122,-0.013340620512360239,-4.040793638557235,-0.14317440365637843,-1.2306058551197139,-0.005262941158213463,9.103457241110652e-05,-0.029953516931757296,-0.06950910327767633,1.0828155540024733,-0.20429696969664407,1.0837394460606025,1.0792934,4.492999999999858,1.08172,11.430322500000011,36.165897,29.545927,31.99077454717494,0.016908232,0.016537011,0.013171000000002792,3.0060379549973173
b1c24,B1,6C(40%)-3C,1017.0,6.0,40.0,3.0,4.0,-1.4969978330098677,-0.013873507013282613,-3.9386625198856184,-0.33886310774417266,-1.2741881895082756,-0.004206889755083543,0.00011516949866350308,-0.03184213409789827,0.02024258503400797,1.077929949685013,-0.7403393939389754,1.0845231212121167,1.0745355,4.539499999999919,1.0776314,12.180874999999984,37.596226,30.30908,33.378063951824195,0.016643735,0.016390581,0.0392339999999991,3.0073209529227447
b1c25,B1,6C(40%)-3C,854.0,6.0,40.0,3.0,4.0,-1.531044892358039,-0.012406193052887388,-4.027888815909276,-0.35793477555398945,-1.2413942729375074,-0.0036279930043812136,9.378020536805894e-05,-0.02944117289056547,0.0051293135435677905,1.078821728379715,-0.3221030303025247,1.0812880539393888,1.0752345,4.678599999999866,1.0780842,12.180358333333334,38.670872,30.400667,33.848557073949294,0.016663048,0.016397864,0.023696999999999607,2.931457870689005
b1c26,B1,6C(40%)-3.6C,870.0,6.0,40.0,3.6,4.5,-1.416184199482085,-0.01785015712562481,-3.795219994075125,-0.11706816411704128,-1.2766699504628691,-0.007151987312159047,0.00016024334542563112,-0.03835445363245393,-0.15210461348173987,1.0913500214075444,-0.9834424242421073,1.0986254751515117,1.0876514,3.894800000000087,1.0893713,10.76500499999999,37.077717,30.189548,33.15641406115227,0.016335486,0.016129743,0.0449190000000009,2.9395192526186187
b1c27,B1,6C(40%)-3.6C,842.0,6.0,40.0,3.6,4.5,-1.4457275004044186,-0.01551418714665611,-3.853703196955041,-0.2895185222964574,-1.2368251713034262,-0.005440517874463424,0.00014005441374332457,-0.03583211964634625,-0.10758799010511252,1.082584738143475,-0.13313333333294278,1.0822964333333291,1.0790461,3.953399999999885,1.0810544,10.763831666666677,38.178074,30.495707,33.89497000372245,0.016134517,0.015953196,0.07196399999999728,2.9253120914996495
b1c28,B1,6C(50%)-3C,860.0,6.0,50.0,3.0,4.363636363636363,-1.429299711504617,-0.016698122755162716,-3.84471180445884,-0.14263301031252343,-1.2384823669741583,-0.006957486714214145,0.00014298424697322437,-0.03721348031974192,-0.07726680272106808,1.0810896899868068,-0.3480545454543825,1.083175630909089,1.0777475,3.846999999999934,1.0797218,11.096296666666664,38.303513,30.421293,33.773800525042,0.016719546,0.016467512,0.08630200000000338,2.934498451243568
b1c29,B1,6C(50%)-3C,917.0,6.0,50.0,3.0,4.363636363636363,-1.4333451217225257,-0.01660052342693117,-3.8382817019703572,-0.13762996295439459,-1.2785185818791822,-0.0065265997775638684,0.0001451170011316565,-0.036868449881918286,-0.052127198515806945,1.0830486699245514,-0.372642424242086,1.0855591551515116,1.0794537,4.349200000000053,1.081872,11.179503333333317,36.258759,30.240517,32.70415601771739,0.016580919,0.016308507,0.07334499999999897,2.962369335670021
b1c30,B1,6C(50%)-3.6C,709.0,6.0,50.0,3.6,4.8,-1.389176102297811,-0.017719122166801278,-3.744699215485718,-0.28519142358197425,-1.2269916421555163,-0.006137661525569271,0.00018001172021664107,-0.04081538502439652,-0.1636821892393466,1.0836584963368376,-0.3745818181814036,1.085152836363632,1.0798637,3.954500000000083,1.081429,,37.483994,30.457619,33.54008830692456,0.016041212,0.015838005,0.08635599999999924,2.8506462351830666
b1c31,B1,6C(50%)-3.6C,876.0,6.0,50.0,3.6,4.8,-1.4036425857707209,-0.017983588803246863,-3.7777326214847866,-0.11073292820710413,-1.2421226847427715,-0.007872560304815757,0.00016682739789842456,-0.03947820648424727,-0.26201082251081237,1.09840466024531,-0.40801212121165426,1.0994466157575706,1.0946392,3.694199999999981,1.0953952,10.097167500000008,31.658901,29.649641,30.375396745150564,0.016916323,0.016684072,0.04362700000000094,2.9425041061680806
b1c32,B1,6C(60%)-3C,731.0,6.0,60.0,3.0,4.8,-1.3413563753080537,-0.020730273837007353,-3.6464634951461723,-0.15565603118726665,-1.2794467204381477,-0.008212425903406428,0.00022570256930208902,-0.04556628526257467,-0.1277627210883784,1.0813230393724997,-0.3835454545449333,1.0832270690909038,1.0778366,3.820099999999993,1.0794117,10.096391666666689,37.14436,30.193592,33.08050304573434,0.016192216,0.015959468,0.09027500000000077,2.8639173769578603
b1c33,B1,6C(60%)-3C,757.0,6.0,60.0,3.0,4.8,-1.3477364305892028,-0.021651569301358076,-3.66705759556901,0.0648321072722398,-1.2327428086034982,-0.01051554186767234,0.00021524962445427153,-0.044901781211682756,-0.21812165739025274,1.096604066917336,-0.4613878787875888,1.0983755642424209,1.0924908,4.335399999999989,1.0937799,10.096321666666668,38.728722,30.119719,33.67169761442224,0.016547715,0.016244726,0.0263720000000002,2.8790958795000727
b1c34,B1,7C(30%)-3.6C,742.0,7.0,30.0,3.6,4.401746724890829,-1.429245314385023,-0.016080359430316875,-3.8486161539440484,-0.15090116468663067,-1.179900135451435,-0.005515265812322756,0.00014170456557429945,-0.037218141748807665,-0.003129647495377911,1.0800859500911149,-0.3009090909088486,1.0824499818181792,1.0766174,4.865000000000119,1.0794187,11.084529999999965,37.240925,29.709148,32.66455167507311,0.016942797,0.016662996,0.009426999999999353,2.870403905279027
b1c35,B1,7C(30%)-3.6C,703.0,7.0,30.0,3.6,4.401746724890829,-1.4072456671190272,-0.018223341654084003,-3.7726058130233238,-0.09448727078656764,-1.2999242276573166,-0.00718795171106712,0.00016880845085747467,-0.039152034335048436,0.031953209647471864,1.0743447123681709,-0.2630666666661015,1.0766147066666605,1.0707464,5.07919999999995,1.0739936,11.08460833333332,36.075569,29.54327,32.09733437854189,0.017019259,0.016745426,0.07219200000000217,2.846955325019824
b1c36,B1,7C(40%)-3C,704.0,7.0,40.0,3.0,4.2,-1.350456749784699,-0.02104235085802675,-3.669501340566928,-0.024120388445710256,-1.2877295595088152,-0.009246866634258222,0.00021404183097836082,-0.044621405961221994,-0.07183043908478368,1.0816428948352912,-0.41021818181791225,1.0843230836363609,1.0778315,4.527799999999971,1.0802411,11.524753333333319,34.868446,30.028351,32.04688205693082,0.016444681,0.016272061,0.12074600000000144,2.847572659142112
b1c37,B1,7C(40%)-3C,648.0,7.0,40.0,3.0,4.2,-1.3512031332940673,-0.019436824634916583,-3.673938891265066,-0.23647587048054397,-1.2637732127261774,-0.006756777279800286,0.00021186592167101386,-0.044544784957630146,-0.09680958565250122,1.0785237713110698,-0.4378787878784973,1.0811773424242392,1.0748194,4.472400000000043,1.0768373,11.607250000000022,36.993626,29.988958,32.95969887229894,0.016576257,0.016318144,0.09771999999999906,2.8115750058705933
b1c38,B1,7C(40%)-3.6C,617.0,7.0,40.0,3.6,4.754716981132075,-1.2486008121155745,-0.026764193834967424,-3.433048172369524,-0.06381042216810003,-1.3483479281632569,-0.01211406041493035,0.00036893667248310104,-0.05641559694699583,-0.0943712430426796,1.0762827994001232,-0.07160606060561395,1.075664487878783,1.0729513,3.646500000000108,1.0749754,10.193499166666697,37.995705,30.288816,33.69474656343401,0.016216327,0.016066672,0.13677200000000028,2.7902851640332416
b1c39,B1,7C(40%)-3.6C,625.0,7.0,40.0,3.6,4.754716981132075,-1.2745461357216938,-0.024440041487006035,-3.5045337190652996,-0.152502333206465,-1.277189897493371,-0.009724308754854638,0.0003129437479421444,-0.053143954091811496,-0.03294477427336007,1.0858270173386928,-0.2555939393936482,1.0873593521212088,1.0817773,4.689399999999955,1.0848274,10.275019166666667,38.024876,30.181021,33.50643317156701,0.016691549,0.016519627,0.14022500000000077,2.7958800173440754
b1c40,B1,8C(15%)-3.6C,966.0,8.0,15.0,3.6,4.013937282229966,-1.5361710582442007,-0.012628807847703542,-4.055212700223032,-0.24850466403431104,-1.2414941194014202,-0.00516481256458623,8.806174658415387e-05,-0.02909570881628587,-0.08204863327151617,1.087348425807462,-0.42146060606031727,1.0899522787878755,1.0833029,4.503299999999877,1.0857989,12.054526666666696,38.388569,30.003733,33.45968416375564,0.016709387,0.016480761,0.10069500000000134,2.9849771264154934
b1c41,B1,8C(15%)-3.6C,1051.0,8.0,15.0,3.6,4.013937282229966,-1.5450592802929495,-0.012358568562846162,-4.071513964059167,-0.23135631340210783,-1.2429492659603925,-0.004392037514383773,8.48176100238975e-05,-0.02850629135902205,-0.001385528757008372,1.082893853065347,-0.3188727272721853,1.0853619745454488,1.0789614,4.9074999999998425,1.0821998,12.054300000000028,37.576675,30.021296,33.07332253245542,0.016819723,0.016552322,0.015768999999998812,3.021602716028242
b1c42,B1,8C(25%)-3.6C,702.0,8.0,25.0,3.6,4.347169811320755,-1.3495987713807462,-0.020599210252813277,-3.665855783256945,-0.10769408431100083,-1.3162418798566866,-0.00820783249791357,0.00021584610431745794,-0.04470964572873015,0.021135980210269394,1.0837813903393114,-0.32625454545429716,1.0865070709090883,1.0798725,4.959500000000006,1.0832654,11.13793666666667,38.397423,30.125891,33.58506724391689,0.016730737,0.016511114,0.14556599999999975,2.846337112129805
b1c43,B1,8C(25%)-3.6C,651.0,8.0,25.0,3.6,4.347169811320755,-1.3506077894421091,-0.019165626778476195,-3.667779069613828,-0.23725353594012447,-1.3026127286464535,-0.006383537337831369,0.00021489233671107995,-0.044605890152637384,-0.24014810142242882,1.0717469502667487,-0.39694545454527114,1.0728037690909071,1.0682389,3.432099999999938,1.0688429,11.13773666666663,37.725166,30.034327,33.339782658681436,0.01610712,0.015904058,0.13218599999999942,2.8135809885681917
b1c44,B1,8C(35%)-3.6C,616.0,8.0,35.0,3.6,4.7407407407407405,-1.2306443031028982,-0.029329092901317067,-3.4207000036622865,0.13907984932279427,-1.2892846015980648,-0.015959880874377497,0.0003795770928016619,-0.05879707165403769,-0.3361546072974101,1.0885564602143882,-0.513927272726847,1.089854065454541,1.0847682,3.5623999999998546,1.0847286,10.304085000000002,36.804283,29.747217,32.55333216968653,0.017408649,0.017142953,0.17395599999999942,2.7895807121644256
b1c45,B1,8C(35%)-3.6C,599.0,8.0,35.0,3.6,4.7407407407407405,-1.2261878935272192,-0.02886609052113574,-3.425292234542537,0.11519776583282074,-1.280392401163963,-0.015948906425883314,0.0003755845892835457,-0.059403509916114317,-0.12920053184910837,1.0878183732174802,-0.38969696969634693,1.0897475460605996,1.0839558,4.482499999999945,1.0858688,10.221496666666644,37.855122,29.696999,33.0005473910965,0.016654616,0.016382927,0.1814719999999985,2.7774268223893115
b2c0,B2,5.2C(58%)-4C,477.0,5.2,57.99999999999999,4.0,4.803695150115473,-1.2591537148556278,-0.025801000173386008,-3.487264794967473,-0.031432251250035875,-1.2425693276988776,-0.012335648905909657,0.0003256380937000854,-0.055061277717081025,0.13737568336421854,1.1043879547219126,-1.3864606060603142,1.1180734987878758,1.1020051,8.113500000000107,1.1047862,10.173655000000144,36.404427,28.851412,31.808470926230026,0.01748348,0.017083954,-0.01113099999999756,2.678518379040114
b2c1,B2,5.6C(26%)-4.5C,491.0,5.6,26.0,4.5,4.8068669527897,-1.1797018331098101,-0.035595007639683186,-3.2980513646133844,0.31749677338171994,-1.1591037362491994,-0.023612685077918805,0.0005034410615908589,-0.0661147205894651,-0.32904221397652533,1.1066016748872396,-3.5796787878788496,1.1394755024242427,1.1057826,3.575800000000129,1.1038002,10.176771666666658,37.4468,29.748539199568196,33.60099815475848,0.018092183,0.017313389,-0.6101560000000006,2.6910814921229687
b2c2,B2,5.2C(50%)-4.25C,424.0,5.2,50.0,4.25,4.797829036635006,-1.2780425690789228,-0.025013386420214043,-3.4602483638595825,-0.15525372627721698,-1.4037552179038564,-0.009258740617011263,0.00034653861464528006,-0.052717818544041395,-0.10764307783821139,1.0763080435462717,-0.9643696969694568,1.083701740606058,1.0753863,5.16020000000017,1.0734587,10.174855000000147,38.33985803206289,30.291048,33.180909700361546,0.016669566,0.016255558,-0.09869800000000123,2.6273658565927325
b2c3,B2,4.65C(44%)-5C,499.0,4.65,44.0,5.0,4.80123902942695,-1.2528333571193961,-0.020089882918698704,-3.496242995613163,-0.6865232340714085,-0.8132615623395765,-0.003983834008399745,0.000318975262145792,-0.05586845261151374,0.7592857884972014,1.0976128990443201,-3.2400666666664018,1.1323827666666637,1.0959566,12.060699999999924,1.1001335,10.173285000000032,39.422000644443116,30.19519,33.93805810095692,0.015974822,0.015764765,0.0818009999999994,2.6981005456233897
b2c4,B2,4.65C(69%)-6C,444.0,4.65,69.0,6.0,4.798452112221864,-1.1530619303317555,-0.034781796484889084,-3.2325068114847513,-0.010537387163738159,-1.3023522360528514,-0.01898099761084282,0.0005854545529657333,-0.07029720690084085,-0.6742782807669526,1.0893642727672643,0.5941272727275089,1.076176574545452,1.0899745,0.8767999999998999,1.0817722,10.22127166666663,38.209395652763355,29.809912,33.04820861652687,0.016834563,0.01593901,-0.6697610000000014,2.6473829701146196
b2c5,B2,3.6C(30%)-6C,416.0,3.6,30.0,6.0,4.800000000000001,-1.064744574642821,-0.04648540460048997,-3.085881723749929,0.3621745651001111,-1.0375622697150644,-0.03473197527164462,0.0008205749892219913,-0.08615002847927744,-1.990080473249944,1.09921906168033,-2.5926484848483957,1.103932183030302,1.0989141,0.13759999999995998,1.0783235,10.17838833333323,38.388368590154755,30.152265164857745,33.014970682805895,,0.015142022,,2.6190933306267428
b2c6,B2,3.6C(9%)-5C,393.0,3.6,9.0,5.0,4.790419161676646,-1.3021390444041867,-0.02082479246051704,-3.530039685030234,-0.4209131664445041,-1.2152710216386973,-0.005146168144642749,0.00029509395529212125,-0.04987247893740465,0.6243813358070814,1.0897912289247573,-1.851472727272467,1.1091641945454518,1.0885617,11.49509999999987,1.0904063,10.179236666666595,40.4669448483313,30.021366,33.81904518975318,0.016425330000000002,0.015897563,-0.3559940000000018,2.5943925503754266
b2c7,B2,4.8C(80%)-4.8C-newstructure,777.0,4.8,80.0,4.8,4.8,-1.662780816651229,-0.008823099834708447,-4.23167008250161,-0.3734551470125933,-1.32663775372589,-0.0006375545040795405,5.865835912266468e-05,-0.021737979924043582,0.5346993939393603,1.0903080704646462,0.7010424242425836,1.089005844848483,1.0904776,15.110199999999852,1.0964648,10.036841666666684,37.918381,29.833401,33.769687089746824,0.014809063,0.014716571,0.013403999999999847,2.890421018800914
b2c8,B2,5.2C(58%)-4C-newstructure,904.0,5.2,57.99999999999999,4.0,4.803695150115473,-1.555313439024283,-0.011203415580045945,-4.102422474802714,-0.445425506544742,-0.9510309415303917,-0.004421422281843057,7.899098323286501e-05,-0.027841110945332148,-0.22835683305569357,1.0925387973320924,0.5035212121213103,1.0854754624242413,1.0906329,3.211000000000075,1.0909338,10.039886666666765,36.451335340457405,30.369265,33.60217561703422,0.016510593,0.016342103,0.004277999999999921,2.9561684304753633
b2c9,B2,5.6C(26%)-4.5C-newstructure,791.0,5.6,26.0,4.5,4.8068669527897,-1.7043416016649067,-0.007446960333569007,-4.344425673063918,-0.05218956896191872,-0.7640813420594519,-0.004558039402478231,4.5245388051825846e-05,-0.019754152325308416,-0.31789604205319744,1.0991237122387134,2.309006060606455,1.075008512121208,1.0949715,4.990999999999968,1.0975624,10.040636666666735,35.00847845562602,30.423269501409568,32.3508526526095,0.015477485,0.015197206,-0.1308789999999987,2.8981764834976764
b2c10,B2,4.8C(80%)-4.8C,492.0,4.8,80.0,4.8,4.8,-1.253346734062072,-0.02952029629956943,-3.4509001120710128,0.26320531782167483,-1.2438031735572375,-0.017084299176737927,0.00035407876899738185,-0.05580244986198335,0.4889580101079354,1.1098277694218774,1.8856727272728968,1.0979567854545433,1.1092782,7.7312999999998855,1.1166337,10.171468333333177,35.078796,28.906555794473437,31.722125375052286,0.017313607,0.016884135,-0.26027900000000215,2.6919651027673606
b2c11,B2,5.2C(50%)-4.25C,449.0,5.2,50.0,4.25,4.797829036635006,-1.2604374969152063,-0.024012633467613776,-3.4853932196519435,-0.22207913813040978,-1.2401569257962999,-0.008811878744787283,0.000327044446642087,-0.05489875594719695,1.0779531902295427,1.0969688267237567,0.9152303030304763,1.0994188806060587,1.0959171,13.548699999999858,1.1086942,10.173445000000113,39.423817,29.651962,33.153869360535225,0.017189233,0.016784718,0.19792199999999968,2.6522463410033232
b2c12,B2,4.65C(44%)-5C,466.0,4.65,44.0,5.0,4.80123902942695,-1.1116450065168584,-0.03939759227215439,-3.167968367511606,0.11788308293031868,-1.2407739291824722,-0.023577179716696595,0.0006792531042316953,-0.07733124344865683,0.3124443661100784,1.102550841813646,0.0353696969700538,1.1069356393939356,1.1016457,6.732100000000019,1.1071154,10.174281666666745,35.747711,29.339239609224805,31.314676947956993,0.016947597,0.016159201,-0.4200279999999994,2.66838591669
b2c13,B2,4.65C(69%)-6C,460.0,4.65,69.0,6.0,4.798452112221864,-1.1892669979860493,-0.0340700221226121,-3.3444477209239154,0.3347822660087096,-1.0960042358526478,-0.023000532051923317,0.00045243092034126796,-0.06467448840609535,-0.11445944341375984,1.095519851242218,-0.05628484848465984,1.096293470303028,1.0954365,2.1364000000001493,1.0951428,10.208034999999898,36.19238897679291,29.518279358797542,31.946988973926523,0.01677426,0.015610993,-0.8970950000000005,2.6627578316815743
b2c14,B2,3.6C(30%)-6C,426.0,3.6,30.0,6.0,4.800000000000001,-1.0771996484722122,-0.04455576451036339,-3.118519965678272,0.2888281892798498,-1.0885540736711687,-0.03116248655665599,0.0007611671443129553,-0.0837144352028476,-1.0165705627706116,1.084441152294372,1.8378303030304861,1.0595245006060583,1.0844886,0.4899999999998794,1.0776343,10.208949999999943,36.56760277779107,29.961967688101996,32.123877001585356,0.017007502,0.015952863,-0.6997889999999993,2.629409599102719
b2c15,B2,3.6C(9%)-5C,396.0,3.6,9.0,5.0,4.790419161676646,-1.2929864487133405,-0.024135288352654265,-3.5162519253509874,-0.0718770287420776,-1.393294007166598,-0.010081866912772908,0.0003046127470747836,-0.05093467639415561,0.9204142609770587,1.0703494175720467,-0.936963636363345,1.0868580727272692,1.0697494,9.623699999999902,1.0775728,10.174436666666589,36.649116879455384,30.733528,32.862747677246595,,0.016145013,,2.597695185925512
b2c16,B2,4.8C(80%)-4.8C,472.0,4.8,80.0,4.8,4.8,-1.273644767606095,-0.026244652410942607,-3.4948809905173555,0.07215880401275236,-1.296859819157223,-0.013458990963202577,0.0003199771811309943,-0.0532543676756424,-0.15038863327155733,1.0977967335448358,-2.7128424242422415,1.121640815151513,1.0945363,7.131600000000127,1.0953606,10.172426666666675,37.601054318286856,30.168455,32.7673986704417,0.017690875,0.017414019,-0.19436199999999654,2.673941998634088
b2c17,B2,5.6C(26%)-4.5C,471.0,5.6,26.0,4.5,4.8068669527897,-1.2793248413889993,-0.024346340387445996,-3.50034412709959,-0.17158376385561103,-1.2841547971218787,-0.00967454822586089,0.0003159772910980138,-0.05256239657553352,0.39041758812610666,1.0919324369672228,-1.071260606060205,1.1045100987878747,1.0917177,18.217600000000054,1.0937603,10.175564999999915,35.36969,30.341412,32.988612809790894,0.017451171,0.016950201,-0.3062920000000031,2.673020907128896
b2c18,B2,5.2C(50%)-4.25C,449.0,5.2,50.0,4.25,4.797829036635006,-1.400710187413575,-0.016640891110932497,-3.7073027339627593,-0.27357934756349894,-1.4464132518406025,-0.002207446058846596,0.00019619921427892916,-0.03974566910430133,1.1339298701298703,1.0767242930158727,-0.861818181817934,1.0938024836363611,1.0756292,12.78990000000002,1.0850455,10.175171666666817,36.964727535985794,30.155224,32.88627829858526,0.016801316,0.016488669,-0.00010799999999866472,2.6522463410033232
b2c19,B2,6C(60%)-3C,392.0,6.0,60.0,3.0,4.8,-1.1827536871676387,-0.03430820779792184,-3.2919580036920606,0.1562128994224085,-1.2820390748353814,-0.019825349970739925,0.0005105543672328962,-0.06565175087353758,0.21983457019165695,1.0936348305607089,-2.6990424242420294,1.1213399951515106,1.0902406,10.140499999999886,1.0945666,10.175338333333396,37.29125540144077,30.041353,32.770067410122046,0.016695697,0.016542695,0.23139100000000093,2.593286067020457
b2c20,B2,5.2C(58%)-4C,489.0,5.2,57.99999999999999,4.0,4.803695150115473,-1.21821528067273,-0.024435139451588442,-3.4413054302106536,-0.4394032649068832,-0.9586720317032245,-0.008964167723910954,0.0003619883290668569,-0.06050408803806073,0.2838482993197064,1.0986364918552871,1.950703030303254,1.0845231060606035,1.0977259,6.970300000000096,1.1038647,10.172825000000012,37.85651,30.464781,33.61911118506716,0.016656091,0.016160993,0.19328700000000032,2.6893088591236203
b2c21,B2,6C(60%)-3C,408.0,6.0,60.0,3.0,4.8,-1.1906586183605463,-0.03328855261100499,-3.326679074277874,0.19578991036583723,-1.251144668601027,-0.020442194040871886,0.0004713254868518693,-0.06446758204398206,0.3146870656387964,1.1005992601885106,-4.372593939393382,1.1453644321212062,1.0985936,8.365100000000014,1.1026068,10.174479999999797,39.554886,30.39644540245058,33.60767732755817,0.017228201,0.017071372,0.16498600000000238,2.61066016308988
b2c24,B2,4.8C(80%)-4.8C,514.0,4.8,80.0,4.8,4.8,-1.3397990424403716,-0.02277147977476359,-3.6408852661754203,0.1473921115244357,-1.2469400096581615,-0.011520777305539687,0.00022862026926774183,-0.04572997432532899,0.43255097093376044,1.0940981880280352,2.120042424243071,1.0801227048484783,1.0923017,9.624700000000042,1.1007358,10.170328333333357,39.222355,29.545424324822893,33.206377241160645,0.016653664,0.016424084,-0.13129699999999897,2.710963118995276
b2c25,B2,5.2C(58%)-4C,493.0,5.2,57.99999999999999,4.0,4.803695150115473,-1.2966358308415327,-0.023610982444417374,-3.5344779285349004,-0.06298627046564019,-1.3538645859474825,-0.009855140094273018,0.0002920936192579677,-0.05050846489030969,0.38600604823740575,1.100278415618635,2.3772303030306134,1.0826872806060572,1.098838,8.213400000000037,1.1063702,10.173305000000012,35.15638,30.123915,32.23848796399698,0.01680674,0.016576298,0.06760299999999941,2.69284691927723
b2c26,B2,5.6C(26%)-4.5C,450.0,5.6,26.0,4.5,4.8068669527897,-1.1348440130887394,-0.03803854165400029,-3.222053607069115,0.23025820257688392,-1.187711331786615,-0.02482210856318945,0.0005997170447101127,-0.0733087791289827,-0.1223195670996074,1.1047910398932175,1.298127272727491,1.0933725545454522,1.1043522,2.8544000000001457,1.1064082,10.177676666666594,38.98082610957073,30.030421675893816,33.75843376995604,0.018368643,0.017513856,-0.7359780000000017,2.6532125137753435
b2c27,B2,5.2C(50%)-4.25C,474.0,5.2,50.0,4.25,4.797829036635006,-1.2636731692332162,-0.02468392780224258,-3.4862036315673923,-0.13920205356096377,-1.3553178034578717,-0.009382843950540343,0.0003264347368865592,-0.05449125756065937,0.8322792949907135,1.094291405898577,0.7094909090911583,1.096947281818179,1.0925682,12.60059999999985,1.1041315,10.174388333333143,39.292397,30.006104329573958,33.30411096115286,0.017596675,0.017410973,0.20005199999999917,2.6757783416740852
b2c28,B2,4.8C(80%)-4.8C,437.0,4.8,80.0,4.8,4.8,-1.2480177638165535,-0.027989332592662373,-3.4234111679718877,0.045824708309599636,-1.3911812962111165,-0.013616920925579201,0.00037721489290159214,-0.05649138678277321,0.5740212987012613,1.0921266135988452,1.9808787878790985,1.0793813975757542,1.0904486,9.223800000000004,1.099527,10.17418333333335,35.97005389341205,29.689555895282943,32.143914131113334,0.016730208,0.016122971,-0.4740529999999986,2.640481436970422
b2c29,B2,5.2C(58%)-4C,452.0,5.2,57.99999999999999,4.0,4.803695150115473,-1.2787375057739332,-0.02532223237657199,-3.5082481776947425,0.019297258658327834,-1.342338197231876,-0.011824407818188387,0.0003102785983552323,-0.05263352953614442,1.200828880643132,1.1039015333147801,-0.44665454545426114,1.1204395309090878,1.1032062,14.966599999999941,1.1159806,10.17302166666656,35.143738,29.61923518807385,31.797490897448796,0.016748029,0.016617509,0.1483919999999972,2.655138434811382
b2c30,B2,5.6C(26%)-4.5C,412.0,5.6,26.0,4.5,4.8068669527897,-1.1219205569246435,-0.03965588948997046,-3.185409558609304,0.2511504561933174,-1.2012566680423964,-0.026528776131546694,0.0006525149114268708,-0.07552303651130998,-0.8503881385281601,1.0973199017287152,-0.028684848484307485,1.0914745103030248,1.0946374,3.826499999999955,1.092545,10.178429166666682,38.2883066025032,29.889199981272736,33.81845867341957,,0.01667887,,2.6148972160331345
b2c31,B2,5.6C(26%)-4.5C,425.0,5.6,26.0,4.5,4.8068669527897,-1.192269964846091,-0.030624456764042955,-3.3523588305097505,0.059274288659576735,-1.1694734897447134,-0.01793636626264572,0.00044426404704274566,-0.06422883358208353,0.3979185899814258,1.097823964686044,-0.04224848484813295,1.1022854430302993,1.0990092,4.161300000000034,1.1010823,10.17718833333347,37.238895,29.959369058435346,33.3758501254003,0.016888967,0.015888851,-0.4799350000000008,2.6283889300503116
b2c32,B2,4.8C(80%)-4.8C-newstructure,809.0,4.8,80.0,4.8,4.8,-1.5612803858582875,-0.013389939833647101,-4.131466149288064,0.20779582306363237,-0.9720788247962671,-0.008745242104810202,7.388118368069333e-05,-0.02746120651303563,-0.556825726654332,1.0928872021150275,0.2240424242425075,1.0860940448484837,1.0881557,5.788700000000091,1.0882854,10.042119999999947,34.753593,29.949444,32.16894887045923,0.014833905,0.014739397,-0.0663850000000004,2.9079485216122722
b2c33,B2,5.2C(58%)-4C-newstructure,1140.0,5.2,57.99999999999999,4.0,4.803695150115473,-1.6182579990893673,-0.011579541007786182,-4.231628311934667,0.28592044638203534,-0.9761491385628052,-0.009515360775324444,5.866400117176798e-05,-0.024084742136216253,-0.824745440663401,1.0762542579814895,0.1460909090913605,1.067026401818177,1.0732747,1.4279999999999848,1.0686773,10.039223333333211,35.019115,30.171801,32.741661789124926,0.015061757,0.014933125,-0.058188000000000684,3.0569048513364727
b2c34,B2,5.6C(26%)-4.5C-newstructure,1186.0,5.6,26.0,4.5,4.8068669527897,-1.7179911430560915,-0.008120054579074073,-4.448585161124481,-0.1522681413461274,-0.8874031140532539,-0.005429099317528996,3.5597117054099105e-05,-0.01914294964399932,-0.5456295732838686,1.0699151785005152,0.21133939393992632,1.0623619987878732,1.0671737,1.733100000000043,1.0644548,10.03998166666667,39.697674,30.77528232546755,35.66789148456313,0.015024357,0.014872484,-0.02206000000000083,3.074084689028244
b2c41,B2,5.6C(26%)-4.5C,442.0,5.6,26.0,4.5,4.8068669527897,-1.0918848290783048,-0.037768291495701274,-3.17236580953112,-0.04398711658406335,-1.1480576715129351,-0.0215223674358469,0.0006724100406155343,-0.08093104924483763,0.2399820408163233,1.1047322431069877,-0.015642424242115014,1.1088786151515118,1.1049188,5.106599999999961,1.108752,10.17818833333343,34.98487001858617,28.373512342449366,30.193787010451164,,,,2.645422269349092
b2c42,B2,5.2C(50%)-4.25C,474.0,5.2,50.0,4.25,4.797829036635006,-1.2662602060284696,-0.02934071492636848,-3.48258764668815,0.35173145970026903,-1.1698091863355191,-0.018151928313114407,0.0003291640157368037,-0.054167624970645756,0.8583347433518574,1.1027536120008241,0.7069515151515672,1.1060107230303022,1.1024443,11.393200000000103,1.1133598,10.175013333333482,36.76044310987061,29.125111,31.709620029469267,,,,2.6757783416740852
b2c43,B2,4.8C(80%)-4.8C-newstructure,1029.0,4.8,80.0,4.8,4.8,-1.7174947542667038,-0.00777834835139346,-4.271781920503377,0.37364081219777295,-0.7838825610102407,-0.00706288862364568,5.3483284647826735e-05,-0.019164842112240565,-0.7295969944341251,1.1023848153786844,0.27107878787857126,1.0939342575757596,1.0974334,4.615400000000047,1.0969751,10.03631333333348,38.4212899272313,30.231243,33.92914533704784,,,,3.012415374762433
b2c44,B2,5.2C(58%)-4C-newstructure,841.0,5.2,57.99999999999999,4.0,4.803695150115473,-1.692455237802559,-0.008750572617170911,-4.36452347027206,-0.2315999303131427,-1.106872968238788,-0.003950238399387018,4.3199281110227894e-05,-0.020302277620516618,-0.24462076685221504,1.0988763073250871,1.141254545454697,1.085915309090907,1.09659,2.728300000000017,1.0971184,10.040436666666695,37.579971,30.372488119722746,33.95995836968299,,,,2.924795995797912
b2c45,B2,5.6C(26%)-4.5C-newstructure,997.0,5.6,26.0,4.5,4.8068669527897,-1.573970164815294,-0.011157666285585534,-4.17521494266972,-0.3301158834164389,-0.9304722417408056,-0.0055728728508448455,6.680132101075869e-05,-0.026670418787086536,-0.5849001396994977,1.105001103771126,0.027618181818787543,1.09964549636363,1.1030351,2.0833999999998465,1.0995457,10.040249999999894,38.42024558425599,31.995897,35.27561179939495,,,,2.998695158311656
b2c46,B2,4.8C(80%)-4.8C,503.0,4.8,80.0,4.8,4.8,-1.2768530822466801,-0.02283429863191323,-3.508875131416986,-0.13392314074865622,-1.2034359823824068,-0.011255181211448972,0.00030983099889204734,-0.05286240500828243,0.19638269635123884,1.1015604664304264,-2.0177454545452935,1.1212467290909072,1.100943,6.137899999999918,1.1021258,10.169698333333509,31.867259462197975,27.912966565573445,29.88150861827619,,,,2.7015679850559273
b3c0,B3,5C(67%)-4C-newstructure,1009.0,5.0,67.0,4.0,4.804804804804805,-1.6324268476097927,-0.01010217739369119,-4.24511486268106,-0.19512162119318677,-1.1718837880266881,-0.0037678092154551646,5.687024898905241e-05,-0.02331165742747432,-0.05346195423623116,1.0706590913201397,-0.418503030302719,1.0735924739393905,1.0674551,3.916099999999867,1.0695093,10.04235750000007,33.974361,30.642652233872806,32.194853230782606,0.015345827499999999,0.015180224,-0.07387449999999955,3.0038911662369108
b3c1,B3,5.3C(54%)-4C-newstructure,1063.0,5.3,54.0,4.0,4.7936687394007915,-1.6512245319858863,-0.009621018929360837,-4.285542702017519,-0.2863695436051661,-1.1239942266253167,-0.003753382222941637,5.181521321780508e-05,-0.022324177554068236,-0.14719340754489793,1.0684723580956503,-0.6469515151510108,1.0728812169696917,1.0650603,3.679599999999894,1.0665125,10.040883333333234,38.4794946740614,31.221146,34.83231929224147,0.015092544,0.014931546,-0.03744099999999917,3.0265332645232967
b3c3,B3,5.6C(36%)-4.3C-newstructure,1115.0,5.6,36.0,4.3,4.8015952143569285,-1.5712722684639346,-0.010705414352713173,-4.116607764700625,-0.4795495922194519,-1.0204009571273698,-0.00371943305776834,7.645259474220121e-05,-0.026836614735112785,-0.1265485466914505,1.0652984177901461,-0.7747878787876236,1.0711947842424214,1.0628892,2.6450000000000085,1.0635556,10.042306666666748,40.076626,31.780437,36.08374244976545,0.014963119,0.014913738,0.09955299999999875,3.0472748673841794
b3c4,B3,5.6C(19%)-4.6C-newstructure,1048.0,5.6,19.0,4.6,4.803729603729602,-1.6053684085874145,-0.01010643886890673,-4.17846566659969,-0.4358594530739961,-1.108117428835132,-0.0030556561903645196,6.630317519564988e-05,-0.024810275761238065,-0.05233104514531291,1.0748046580272106,-0.23760606060553208,1.0761844678787824,1.0724765,2.7884999999998605,1.0738508,10.045296666666642,33.39357830787951,30.86325642415428,32.11715379681872,0.0152056685,0.015085269,-0.026160500000000503,3.0203612826477078
b3c5,B3,5.6C(36%)-4.3C-newstructure,828.0,5.6,36.0,4.3,4.8015952143569285,-1.5943958679108952,-0.011445765437692483,-4.114423969074506,-0.16298210025008256,-1.284729377655977,-0.0035167268485765124,7.683799523990656e-05,-0.025445098246365427,-0.1602090043289747,1.0539742073362188,-0.6302727272725176,1.0580870145454522,1.0514506,2.6052000000000852,1.0518842,10.042009999999815,40.19554382518285,31.605618939619383,35.56013985266867,0.015337874,0.015130546,-0.1232919999999988,2.9180303367848803
b3c6,B3,3.7C(31%)-5.9C-newstructure,667.0,3.7,31.0,5.9,4.795167490389896,-1.2740749260722501,-0.028517561100453784,-3.5257081914883814,0.48315863084518784,-0.8670783975112881,-0.022159909907229602,0.00029805183986089944,-0.05320164659124538,-2.0239778849721493,1.0640819993345698,-2.432872727272319,1.0680148345454503,1.0626124,0.45920000000010397,1.0439155,,37.461433,30.943061172088374,34.1072055276095,0.013534418,0.013527169,0.31447600000000103,2.824125833916549
b3c7,B3,4.8C(80%)-4.8C-newstructure,1836.0,4.8,80.0,4.8,4.8,-1.7680458748904266,-0.007037779014879844,-4.488742174585739,-0.34078293270641924,-1.200764084320108,-0.002131122973546562,3.2453221357996856e-05,-0.017059021835070354,-0.02357448361162832,1.070297655118944,-0.674866666666315,1.0760852866666628,1.0675218,3.397199999999989,1.0697899,11.037648333333346,34.60008198094648,31.00022334239158,32.79694473003086,0.015507092,0.015372629,-0.026272000000000795,3.2638726768652235
b3c8,B3,5C(67%)-4C-newstructure,828.0,5.0,67.0,4.0,4.804804804804805,-1.5710723604412342,-0.011806368426415048,-4.091803752077147,-0.21507198874661293,-1.27915350756365,-0.0034103335564310555,8.094615840627263e-05,-0.026848970612832312,-0.03308951144097934,1.068174847417439,-0.3773696969690412,1.0708422406060536,1.0647362,3.978199999999932,1.0671253,10.043825833333297,35.5458971642776,30.969942,33.05552416009523,0.01536618,0.01520093,-0.09675100000000082,2.9180303367848803
b3c9,B3,5.3C(54%)-4C-newstructure,1039.0,5.3,54.0,4.0,4.7936687394007915,-1.5290712115912235,-0.01447801181075607,-3.9822969488386137,-0.05584860799805731,-1.3472162794731597,-0.004967161023648803,0.00010416049784765705,-0.0295752747869662,0.0066805318490768435,1.0728252555501956,-0.08253333333317682,1.0732397333333312,1.0694826,3.88809999999995,1.0724456,10.041879999999946,35.6854391223452,31.020124803456543,33.08394455056227,0.015871447,0.015742281,0.0009499999999995623,3.016615547557177
b3c10,B3,4.8C(80%)-4.8C-newstructure,1078.0,4.8,80.0,4.8,4.8,-1.7191252386280866,-0.008335183582489896,-4.411355912828583,-0.2449564866670881,-1.1918753068944838,-0.0031614437531222173,3.8783238947594476e-05,-0.019093025885229542,-0.028759653679712824,1.0645252641327563,-1.1395212121210276,1.0746039575757553,1.0617746,3.226200000000068,1.0637165,11.03866249999998,35.20887742320281,30.42616190989248,32.5348014795901,0.015492515,0.015318613,-0.08036099999999928,3.03261876085072
b3c11,B3,5.6C(19%)-4.6C-newstructure,817.0,5.6,19.0,4.6,4.803729603729602,-1.4674064416406507,-0.015620691175653465,-3.8849211611360874,-0.14019258288482342,-1.2656063363142076,-0.005870842094072293,0.00013034033579521087,-0.034087374997818,-0.17682165739023362,1.070729462169861,-0.39018787878755523,1.0722465442424207,1.0680679,2.6927999999999397,1.0684358,10.042211666666601,38.22832463770115,31.117903,34.19879616906594,0.015588941,0.015485173,-0.03276800000000073,2.9122220565324155
b3c12,B3,5.6C(36%)-4.3C-newstructure,932.0,5.6,36.0,4.3,4.8015952143569285,-1.4984625676686607,-0.01531489306361951,-3.946789972968039,0.009007907579175856,-1.2833709230089114,-0.006072419398149398,0.00011303424118898805,-0.03173492178819726,-0.06679463203466932,1.0766760324213562,-0.2380969696964104,1.0779402660606001,1.0741653,2.777699999999994,1.0755825,10.042584999999963,36.11585579982815,30.951786787726437,33.2205731520236,0.016102511,0.01599754,-0.0017900000000015126,2.9694159123539814
b3c13,B3,5.6C(19%)-4.6C-newstructure,816.0,5.6,19.0,4.6,4.803729603729602,-1.5583663773496585,-0.01176548019743392,-4.094466479913349,-0.25826873554691865,-1.1979388802958741,-0.0034193578679500014,8.045138308284514e-05,-0.027646083960900736,-0.12185193568334853,1.069335077195217,-0.4978545454541605,1.0722577309090868,1.065558,4.086699999999999,1.0673372,10.041723333333357,37.80334001741199,31.008408624872537,34.11768528185422,0.015215794,0.01506449,-0.1104979999999988,2.9116901587538613
b3c14,B3,5.6C(36%)-4.3C-newstructure,858.0,5.6,36.0,4.3,4.8015952143569285,-1.5333939190197108,-0.013203557332650977,-3.999667690602108,-0.19204286282934238,-1.3198368224743084,-0.0038364411934397324,0.00010007654534836023,-0.029282360362737236,0.046361076066783184,1.076779364572665,-0.169854545454148,1.0781103509090866,1.0727056,5.038600000000004,1.0764279,10.041553333333287,36.101499457512425,30.790092,33.11953606667905,0.015628203,0.015496999,-0.03681999999999991,2.9334872878487053
b3c15,B3,5.9C(15%)-4.6C-newstructure,876.0,5.9,15.0,4.6,4.798232044198895,-1.5304085156594964,-0.013340330831580071,-4.000684417579674,-0.15382378764959165,-1.2842654825214415,-0.004274606506854406,9.984253014088351e-05,-0.02948434500233621,-0.11564622139767569,1.07113651795135,-0.7973333333329901,1.0770642933333294,1.0684187,2.858699999999992,1.0693594,10.04166833333317,37.344582,30.48859917220236,33.51055049283859,0.015394726,0.01525728,-0.06754999999999955,2.9425041061680806
b3c16,B3,4.8C(80%)-4.8C-newstructure,1638.0,4.8,80.0,4.8,4.8,-1.8712132820989633,-0.005323302354980101,-4.6945134779799575,-0.05327197818466717,-0.8886326372546569,-0.0029836860034497814,2.020628622431914e-05,-0.013451995639618852,-0.09691301175015204,1.0640031119154814,-0.8315333333332292,1.070542173333332,1.061009,3.3308999999999145,1.062533,11.040558333333319,38.21816186151848,31.641069440702125,34.94134876933804,0.015429413,0.015253145,-0.09641199999999885,3.2143138974243994
b3c17,B3,5.3C(54%)-4C-newstructure,1315.0,5.3,54.0,4.0,4.7936687394007915,-1.7475744000744093,-0.007236216829825155,-4.439713067811194,0.016698005314836766,-0.8152410862997628,-0.004417854075655647,3.633180045384266e-05,-0.017882391550413823,-0.05833125541129357,1.0673452964733041,-0.19984242424208065,1.0685331951515114,1.0664514,2.599599999999924,1.0665386,10.041936666666636,38.138309,32.09501522086787,35.08383092806799,0.015513433,0.01535425,-0.14099600000000087,3.1189257528257768
b3c18,B3,5.6C(19%)-4.6C-newstructure,1146.0,5.6,19.0,4.6,4.803729603729602,-1.629750305896031,-0.010342257243667845,-4.254051993390104,-0.2289617001770088,-1.0571234004912051,-0.005007944232827244,5.571190370898626e-05,-0.02345576998165999,-0.29274941249227193,1.0703619310946195,-0.7005818181813773,1.0740334163636316,1.0680237,2.1301000000000236,1.0671083,10.04294000000009,38.518787,32.020798,35.2914180269327,0.01508653,0.014978203,-0.035034000000001495,3.059184617631371
b3c19,B3,5.6C(36%)-4.3C-newstructure,1155.0,5.6,36.0,4.3,4.8015952143569285,-1.5969883629718202,-0.011545479663150093,-4.17194186821657,-0.12087812859596625,-1.1118817229154592,-0.005521139983615475,6.730667325120848e-05,-0.025293657704202555,-0.296913580705044,1.0742350855242215,-0.7901090909085036,1.0787102018181758,1.0719248,1.9749000000000017,1.0709301,10.043493333333268,38.401493,31.769892,35.09835953689969,0.015528331,0.015420389,-0.009315999999998797,3.062581984228163
b3c20,B3,5C(67%)-4C-newstructure,813.0,5.0,67.0,4.0,4.804804804804805,-1.5517267442156992,-0.011919383387319954,-4.066344688209812,-0.33953004746091525,-1.182800467385303,-0.0034843639831663165,8.583320053473407e-05,-0.028071993572476917,-0.07154074211503765,1.0678147557645843,-0.4072121212116827,1.070552775757571,1.0650502,3.0607000000000273,1.0665587,10.043496666666519,36.232254,30.598567437403773,33.10212248197412,0.015342986,0.015206913,-0.015829999999999664,2.910090545594068
b3c21,B3,3.7C(31%)-5.9C-newstructure,772.0,3.7,31.0,5.9,4.795167490389896,-1.3637513968227697,-0.02353870422305198,-3.7043266835308097,0.506139744381752,-0.8460875667678058,-0.018335863009741882,0.00019754830798491912,-0.04327614857800555,-1.5949170191713828,1.070112266696763,-1.9249454545449138,1.0731308890909033,1.0678563,0.8403999999999634,1.054091,,38.317612,31.554761921167493,34.900399416468076,0.013943193,0.01394002,0.23433299999999976,2.887617300335736
b3c22,B3,5.9C(60%)-3.1C-newstructure,1002.0,5.9,60.0,3.1,4.813157894736842,-1.546539012757177,-0.013722550516362944,-4.046822392257125,0.05292211155889781,-1.2689736256162139,-0.005950153632917399,8.977958692912617e-05,-0.028409329718630083,-0.1598876437847787,1.0589703502156251,-0.5285939393934169,1.0622420321212065,1.0562643,2.844599999999975,1.0570325,10.04348333333328,37.97354076473168,31.405123,34.61069656408486,0.015827237,0.015614755,-0.10822400000000051,3.000867721531227
b3c24,B3,5C(67%)-4C-newstructure,825.0,5.0,67.0,4.0,4.804804804804805,-1.606031940322547,-0.010345482795288031,-4.155254988667282,-0.3357488064002481,-1.2618522100043654,-0.0020109833210280037,6.994312062017459e-05,-0.0247723986145858,0.09650588744583156,1.049949028054834,-0.5473030303023538,1.0555170539393868,1.0462732,4.855700000000018,1.0500886,10.042218333333343,37.72406292898108,31.712324162858778,34.68760501613314,,0.01550305,,2.916453948549925
b3c25,B3,5.3C(54%)-4C-newstructure,989.0,5.3,54.0,4.0,4.7936687394007915,-1.5755063124080864,-0.010925821646167616,-4.146560738647088,-0.36635097992559806,-1.073334512646299,-0.003425931831857465,7.135743905511085e-05,-0.026576249209760316,0.06950843537416725,1.0644680120300964,-0.5590848484845873,1.0698965703030274,1.0611302,4.340299999999964,1.0643663,10.041338333333261,39.48699492883566,31.926973,35.58186389191699,0.0157062485,0.015591009,-0.0031294999999972872,2.9951962915971793
b3c26,B3,5.6C(19%)-4.6C-newstructure,1028.0,5.6,19.0,4.6,4.803729603729602,-1.6165591632529872,-0.01013959278346487,-4.21950740670172,-0.3421554787701476,-1.060483006313052,-0.004120246337095068,6.032434097872005e-05,-0.02417913926788795,-0.004288423005564325,1.0751341679270248,-0.43655151515095425,1.078754516969691,1.0720186,3.7909000000000415,1.074435,10.041728333333351,39.786995,31.812666,35.745916536891265,0.0156561595,0.015538619,-0.010875500000000204,3.011993114659257
b3c27,B3,5.6C(36%)-4.3C-newstructure,850.0,5.6,36.0,4.3,4.8015952143569285,-1.5751136154120362,-0.01070991087322853,-4.130132305074182,-0.36115454159106597,-1.1141485878220703,-0.0028959248528788173,7.410844302086189e-05,-0.026600290807078597,-0.040353704390832516,1.0639148665186555,-0.46492727272703455,1.0673721254545427,1.0604171,4.035500000000081,1.0627574,10.044893333333311,38.98098,31.88298,35.30844806776433,0.014994448,0.014868693,-0.020541000000000656,2.929418925714293
b3c28,B3,3.7C(31%)-5.9C-newstructure,541.0,3.7,31.0,5.9,4.795167490389896,-1.237838392605977,-0.03025611921470947,-3.4516578917883116,0.2996423874831566,-0.9803013452957265,-0.021674930024077055,0.00035346149253269254,-0.05783112055064066,-1.9802208534323578,1.0546211465545248,-2.672533333332809,1.0606691533333275,1.0518668,0.8316999999999908,1.0341983,,39.85648636436463,31.972694,35.69688828820833,0.0131742935,0.013169404,0.4276785000000005,2.7331972651065692
b3c29,B3,5.9C(15%)-4.6C-newstructure,858.0,5.9,15.0,4.6,4.798232044198895,-1.5387795592872813,-0.011300575148553208,-4.063576095173612,-0.3484488624765838,-1.1797578358031433,-0.0026860280081242305,8.638212824469724e-05,-0.028921475161164945,0.04077620284471244,1.0702923110624614,-0.5961212121208509,1.0755420975757535,1.0663688,4.8319999999999474,1.0696349,10.041884999999942,31.999889,30.393116,31.262889334066085,0.014943414,0.014745088,-0.14576399999999962,2.9334872878487053
b3c30,B3,5.3C(54%)-4C-newstructure,935.0,5.3,54.0,4.0,4.7936687394007915,-1.572884566561032,-0.011137570899382837,-4.100225541310371,-0.3873119059789263,-1.1369092977243447,-0.0034418042766850565,7.939158148811134e-05,-0.026737169755743473,-0.034165367965386675,1.0718801746897542,-0.31009090909023523,1.0740635981818112,1.0687393,3.6004999999998955,1.0710108,10.043756666666741,34.353522321537454,30.474829,32.24311941023021,0.015677072,0.015509814,-0.04974699999999929,2.9708116108725178
b3c31,B3,5.9C(60%)-3.1C-newstructure,731.0,5.9,60.0,3.1,4.813157894736842,-1.448313281634973,-0.01635054856148944,-3.8396030224338764,-0.12085281622375785,-1.2916363144954703,-0.00581206050397598,0.00014467616046037193,-0.035619409739265695,-0.08999562152138431,1.0712586655485465,-0.3540727272721948,1.073281414545449,1.0681812,3.4605000000000885,1.0698149,10.047026666666836,37.242977,30.816336554657795,34.00003070157337,0.015924957,0.015812302,0.03407299999999905,2.8639173769578603
b3c33,B3,5C(67%)-4C-newstructure,1284.0,5.0,67.0,4.0,4.804804804804805,-1.7014541886932122,-0.00784867836178756,-4.39589832226725,-0.42003516917202466,-1.0089250725849936,-0.0030397121931502458,4.0188487978171294e-05,-0.019885925647910252,-0.1259104514533449,1.0628013382519064,-0.5687757575751329,1.0666273884848418,1.060272,2.64439999999988,1.0609739,10.043493333333268,34.695709,31.415869,33.10710984192206,0.015511206,0.015279103,-0.15399299999999982,3.1085650237328344
b3c34,B3,5.3C(54%)-4C-newstructure,1158.0,5.3,54.0,4.0,4.7936687394007915,-1.6673617546109698,-0.00955200556777299,-4.3056594958126,-0.184080259057273,-1.1558151157732177,-0.003900595493521619,4.946983882423062e-05,-0.02150989276991433,-0.21157972789114277,1.0643250697435573,-0.7765757575754587,1.0693081484848452,1.061535,2.7430999999999983,1.0615865,10.044100000000132,39.49040963165045,31.956257,35.77943527518051,0.015394062,0.015220164,-0.054253000000000634,3.0637085593914173
b3c35,B3,5.6C(19%)-4.6C-newstructure,1093.0,5.6,19.0,4.6,4.803729603729602,-1.637742361866065,-0.009826425701495065,-4.234858282266217,-0.29633616843670796,-1.1528187004497665,-0.0033997930400220255,5.8229318902417414e-05,-0.02302807515263361,-0.19530938775513587,1.0654954172714897,-0.4981272727270546,1.068198545454543,1.0633804,2.049399999999979,1.0632331,10.042948333333333,39.086731,31.761244,35.532941501822236,0.015479395,0.015308049,-0.08270500000000063,3.038620161949703
b3c36,B3,5.6C(36%)-4.3C-newstructure,923.0,5.6,36.0,4.3,4.8015952143569285,-1.6386157036627378,-0.009908357469924613,-4.253457912896502,-0.2511211297987007,-1.096826456193566,-0.003765574047283282,5.5788165335225655e-05,-0.022981813517992444,-0.21971919604205953,1.0604838153745617,-0.5938606060601778,1.063666738787874,1.0575287,3.076099999999915,1.0578474,10.0436500000001,39.893036,31.939495,35.87907157748097,0.015267849,0.015083324,-0.10725099999999918,2.965201701025912
b3c38,B3,5C(67%)-4C-newstructure,1935.0,5.0,67.0,4.0,4.804804804804805,-1.6957894902051698,-0.008693083372975452,-4.342053034245935,-0.054164715839684595,-1.1768867699503416,-0.0037957789903024786,4.5493249228224246e-05,-0.020147005721674938,-0.08787589363023085,1.072430918572665,-0.618818181817861,1.07724564363636,1.0701473,2.5093000000000476,1.0711367,10.043582500000047,38.268311,30.966864,34.745836319764145,0.015961975,0.015742945,-0.09343800000000124,3.28668096935493
b3c39,B3,5.3C(54%)-4C-newstructure,1156.0,5.3,54.0,4.0,4.7936687394007915,-1.7580075582902315,-0.006428438589560583,-4.454635064194904,-0.29253860298053624,-1.003013467519955,-0.001619909403289821,3.510467231268054e-05,-0.017457917694832736,-0.06583238095236522,1.0509187956479071,-0.24110303030225005,1.052010813939386,1.0474036,4.107000000000083,1.049562,10.043956666666782,36.491322,30.99731619825322,33.887021839840784,0.015716039,0.015480768,-0.13046200000000133,3.0629578340845103
b3c40,B3,5.6C(19%)-4.6C-newstructure,796.0,5.6,19.0,4.6,4.803729603729602,-1.6565166768842199,-0.009078861478925766,-4.295108266369061,-0.3154308934543946,-1.138512905318865,-0.0025038928768992275,5.068643250322407e-05,-0.022053794482172262,-0.07692147186143537,1.063391687385281,-0.4828969696964679,1.066635646060601,1.0593235,4.510000000000014,1.0618567,10.043659999999848,38.358112,30.658075,34.05341123035083,0.015549388,0.015254971,-0.22177400000000097,2.900913067737669
b3c41,B3,5.6C(36%)-4.3C-newstructure,786.0,5.6,36.0,4.3,4.8015952143569285,-1.6163103876534863,-0.009748050525024678,-4.219509363557288,-0.3571335569959481,-1.0631301344503463,-0.003228926654322395,6.03240691683163e-05,-0.024192993699098664,0.09732244897956478,1.0538777989445474,-0.5064727272722436,1.0591494945454492,1.0505219,4.361900000000141,1.0541531,10.043064999999963,37.245838,30.47063701600857,33.640262798950594,,0.018265441,,2.895422546039408
b3c44,B3,5.3C(54%)-4C-newstructure,940.0,5.3,54.0,4.0,4.7936687394007915,-1.5852750745577093,-0.011231061096491921,-4.131495516497815,-0.2446163658848556,-1.2383958928034313,-0.0031351801775374444,7.387618796699746e-05,-0.02598513188750473,0.04689736549162688,1.0730782133349823,-0.17926666666655086,1.0746688466666652,1.06972,4.184900000000047,1.0729247,10.043518333333244,36.881859,30.183569,33.35164903826186,0.0156684045,0.01551657,-0.05119450000000067,2.9731278535996988
b3c45,B3,4.8C(80%)-4.8C-newstructure,1801.0,4.8,80.0,4.8,4.8,-1.7830965361825888,-0.007131752461986142,-4.5208507861767115,-0.32814304597836497,-1.1771286021323724,-0.0026775918999450976,3.014041303195534e-05,-0.016477960740300612,-0.0012584539270929643,1.071472275690785,-0.07187878787867236,1.0717359024242412,1.0695485,2.5961999999999374,1.0710343,11.037379999999878,35.085537,30.620083,32.72596355233115,0.015711647,0.015557319,-0.05248199999999953,3.2555137128195333
