model,feature_set,n_feats,cv_mape,valid_mape,gap_train_valid,params,B2_mape
Linear (1 feat),variance,1,10.17224409236847,8.696909619606958,-1.4753344727615119,{},26.289952297198976
Ridge,selected,7,13.68763997188051,11.19698670023239,-2.490653271648119,"{""alpha"": 0.001}",37.59975054448524
Lasso,selected,7,11.137503686225672,10.58973633329892,-0.547767352926753,"{""alpha"": 0.01743328822199989}",31.407390449825645
ElasticNet,selected,7,11.07153488981142,10.238324011047702,-0.8332108787637189,"{""alpha"": 0.01743328822199989, ""l1_ratio"": 0.9}",30.96801134312231
PLS,selected,7,13.701003716109563,11.197424246085545,-2.503579470024018,"{""n_components"": 5}",37.238570563618204
SVR,selected,7,14.561906764057323,13.771237004156012,-0.790669759901311,"{""C"": 10, ""epsilon"": 0.05, ""gamma"": 0.01}",39.43996403539984
GPR,selected,7,16.97759765562062,24.51011143265019,7.532513777029571,{},55.510774609290706
RandomForest,selected,7,12.204534109931242,21.943802295117532,9.73926818518629,"{""max_depth"": 3, ""min_samples_leaf"": 5, ""n_estimators"": 500}",41.295006975961115
XGBoost,selected,7,15.671485308625984,15.894859412720095,0.22337410409411085,"{""learning_rate"": 0.1, ""max_depth"": 2, ""n_estimators"": 200}",39.623337669634054
ElasticNet,variance,1,10.103173704218989,8.724054247575081,-1.3791194566439078,"{""alpha"": 0.02592943797404667, ""l1_ratio"": 0.1}",27.629387588257853
ElasticNet,discharge,13,6.6917374061584525,9.529958171127841,2.838220764969389,"{""alpha"": 0.005298316906283713, ""l1_ratio"": 0.5}",29.41486334388132
ElasticNet,full,20,9.5746665460111,9.282516727964913,-0.29214981804618745,"{""alpha"": 0.01743328822199989, ""l1_ratio"": 1.0}",41.1968291836417
ElasticNet,selected-noQ1C2,5,10.61753306081205,9.312047575809375,-1.3054854850026754,"{""alpha"": 0.011721022975334805, ""l1_ratio"": 1.0}",29.897445501788177
