cell,batch,structure,policy,true,split,pred,pct_err
b1c0,B1,old,3.6C(80%)-3.6C,1852.0,B1 valid,2218.7059661713865,19.800538130204455
b1c1,B1,old,3.6C(80%)-3.6C,2160.0,B1 valid,1851.069199114667,-14.302351892839487
b1c2,B1,old,3.6C(80%)-3.6C,2237.0,B1 valid,1360.3002446189982,-39.190869708583
b1c3,B1,old,4C(80%)-4C,1434.0,B1 train (CV out-of-fold),1237.0618047911462,-13.733486416238062
b1c4,B1,old,4C(80%)-4C,1709.0,B1 train (CV out-of-fold),1607.971716512529,-5.911543796809307
b1c5,B1,old,4.4C(80%)-4.4C,1074.0,B1 train (CV out-of-fold),1042.5060947955235,-2.932393408238036
b1c6,B1,old,4.8C(80%)-4.8C,636.0,B1 train (CV out-of-fold),751.2019944161738,18.113521134618516
b1c7,B1,old,4.8C(80%)-4.8C,870.0,B1 train (CV out-of-fold),948.8373028710027,9.061758950689972
b1c9,B1,old,5.4C(40%)-3.6C,1054.0,B1 train (CV out-of-fold),974.6691858391508,-7.5266427097579855
b1c11,B1,old,5.4C(50%)-3C,788.0,B1 train (CV out-of-fold),773.3547601065126,-1.858532981407034
b1c14,B1,old,5.4C(60%)-3C,880.0,B1 train (CV out-of-fold),904.0411640508327,2.7319504603218934
b1c15,B1,old,5.4C(60%)-3C,719.0,B1 train (CV out-of-fold),786.0209676400584,9.321414136308542
b1c16,B1,old,5.4C(60%)-3.6C,862.0,B1 valid,962.684336987914,11.6803175159993
b1c17,B1,old,5.4C(60%)-3.6C,857.0,B1 valid,819.0570943214863,-4.42741023086508
b1c18,B1,old,5.4C(70%)-3C,691.0,B1 train (CV out-of-fold),639.5527436424161,-7.445333770996225
b1c19,B1,old,5.4C(70%)-3C,788.0,B1 train (CV out-of-fold),698.0302540102874,-11.417480455547281
b1c20,B1,old,5.4C(80%)-5.4C,534.0,B1 valid,525.9082662947665,-1.5153059373096511
b1c21,B1,old,5.4C(80%)-5.4C,559.0,B1 valid,556.5158415420666,-0.4443932840667986
b1c23,B1,old,6C(30%)-3.6C,1014.0,B1 valid,987.5002263988376,-2.6133899014953017
b1c24,B1,old,6C(40%)-3C,1017.0,B1 train (CV out-of-fold),886.683529262912,-12.813812265200394
b1c25,B1,old,6C(40%)-3C,854.0,B1 train (CV out-of-fold),952.0507390648642,11.481351178555522
b1c26,B1,old,6C(40%)-3.6C,870.0,B1 train (CV out-of-fold),880.2898379900075,1.18273999885144
b1c27,B1,old,6C(40%)-3.6C,842.0,B1 train (CV out-of-fold),868.1936039304079,3.11087932665177
b1c28,B1,old,6C(50%)-3C,860.0,B1 train (CV out-of-fold),830.6817103088291,-3.409103452461731
b1c29,B1,old,6C(50%)-3C,917.0,B1 train (CV out-of-fold),832.4551582232328,-9.219721022548217
b1c30,B1,old,6C(50%)-3.6C,709.0,B1 valid,780.8269029284681,10.130733840404533
b1c31,B1,old,6C(50%)-3.6C,876.0,B1 valid,904.7771321041627,3.285060742484322
b1c32,B1,old,6C(60%)-3C,731.0,B1 valid,710.8182488707242,-2.760841467753183
b1c33,B1,old,6C(60%)-3C,757.0,B1 valid,788.8567204895745,4.208285401528998
b1c34,B1,old,7C(30%)-3.6C,742.0,B1 train (CV out-of-fold),822.3910715826786,10.834376224080673
b1c35,B1,old,7C(30%)-3.6C,703.0,B1 train (CV out-of-fold),749.035433822754,6.5484258638341455
b1c36,B1,old,7C(40%)-3C,704.0,B1 train (CV out-of-fold),710.9499643975034,0.9872108519181017
b1c37,B1,old,7C(40%)-3C,648.0,B1 train (CV out-of-fold),697.0117667192628,7.563544246799818
b1c38,B1,old,7C(40%)-3.6C,617.0,B1 train (CV out-of-fold),557.9020085595198,-9.578280622444117
b1c39,B1,old,7C(40%)-3.6C,625.0,B1 train (CV out-of-fold),609.523608579723,-2.476222627244315
b1c40,B1,old,8C(15%)-3.6C,966.0,B1 train (CV out-of-fold),1050.4473035031656,8.74195688438567
b1c41,B1,old,8C(15%)-3.6C,1051.0,B1 train (CV out-of-fold),1012.1691351229236,-3.6946588845933728
b1c42,B1,old,8C(25%)-3.6C,702.0,B1 train (CV out-of-fold),712.3695261621759,1.47714047894244
b1c43,B1,old,8C(25%)-3.6C,651.0,B1 train (CV out-of-fold),692.657325699578,6.398974761839938
b1c44,B1,old,8C(35%)-3.6C,616.0,B1 train (CV out-of-fold),626.095867116672,1.638939466992212
b1c45,B1,old,8C(35%)-3.6C,599.0,B1 train (CV out-of-fold),610.0930832779783,1.8519337692785112
b2c0,B2,old,5.2C(58%)-4C,477.0,B2 test,654.7979112262976,37.27419522563892
b2c1,B2,old,5.6C(26%)-4.5C,491.0,B2 test,650.8230069135291,32.550510573020176
b2c2,B2,old,5.2C(50%)-4.25C,424.0,B2 test,556.0395022814048,31.14139204750113
b2c3,B2,old,4.65C(44%)-5C,499.0,B2 test,629.7927412821639,26.210970196826434
b2c4,B2,old,4.65C(69%)-6C,444.0,B2 test,549.0277456473951,23.654897668332236
b2c5,B2,old,3.6C(30%)-6C,416.0,B2 test,535.0135261418457,28.609020707174437
b2c6,B2,old,3.6C(9%)-5C,393.0,B2 test,575.5841026591112,46.45905920079165
b2c7,B2,new,4.8C(80%)-4.8C-newstructure,777.0,B2 test,936.4501042754345,20.521248941497355
b2c8,B2,new,5.2C(58%)-4C-newstructure,904.0,B2 test,1183.00830180169,30.863750199302004
b2c9,B2,new,5.6C(26%)-4.5C-newstructure,791.0,B2 test,1460.2893218556449,84.61306218149745
b2c10,B2,old,4.8C(80%)-4.8C,492.0,B2 test,664.496968290693,35.060359408677435
b2c11,B2,old,5.2C(50%)-4.25C,449.0,B2 test,558.9948642299864,24.497742590197426
b2c12,B2,old,4.65C(44%)-5C,466.0,B2 test,516.474540791655,10.831446521814387
b2c13,B2,old,4.65C(69%)-6C,460.0,B2 test,648.7021182059514,41.02219960998943
b2c14,B2,old,3.6C(30%)-6C,426.0,B2 test,500.81987910672285,17.563351902986586
b2c15,B2,old,3.6C(9%)-5C,396.0,B2 test,522.1457721426464,31.85499296531474
b2c16,B2,old,4.8C(80%)-4.8C,472.0,B2 test,641.1348429618708,35.83365316988789
b2c17,B2,old,5.6C(26%)-4.5C,471.0,B2 test,474.87078584295693,0.8218228965938289
b2c18,B2,old,5.2C(50%)-4.25C,449.0,B2 test,585.8508805519435,30.479037984842655
b2c19,B2,old,6C(60%)-3C,392.0,B2 test,495.43690820060846,26.38696637770624
b2c20,B2,old,5.2C(58%)-4C,489.0,B2 test,650.73962335483,33.07558759812474
b2c21,B2,old,6C(60%)-3C,408.0,B2 test,572.5571657170232,40.33263865613313
b2c24,B2,old,4.8C(80%)-4.8C,514.0,B2 test,668.9493433807322,30.145786649947905
b2c25,B2,old,5.2C(58%)-4C,493.0,B2 test,645.245313674927,30.88140236813936
b2c26,B2,old,5.6C(26%)-4.5C,450.0,B2 test,597.0517907103447,32.67817571340993
b2c27,B2,old,5.2C(50%)-4.25C,474.0,B2 test,548.9698071855172,15.816415018041601
b2c28,B2,old,4.8C(80%)-4.8C,437.0,B2 test,544.8152381891838,24.671679219492855
b2c29,B2,old,5.2C(58%)-4C,452.0,B2 test,573.0695402750518,26.785296521029174
b2c30,B2,old,5.6C(26%)-4.5C,412.0,B2 test,527.0615704987205,27.92756565502924
b2c31,B2,old,5.6C(26%)-4.5C,425.0,B2 test,632.890235751596,48.91534958861084
b2c32,B2,new,4.8C(80%)-4.8C-newstructure,809.0,B2 test,1116.7812012099416,38.044647862786356
b2c33,B2,new,5.2C(58%)-4C-newstructure,1140.0,B2 test,1212.2300366184734,6.335968124427489
b2c34,B2,new,5.6C(26%)-4.5C-newstructure,1186.0,B2 test,1419.22811521581,19.66510246339039
b2c41,B2,old,5.6C(26%)-4.5C,442.0,B2 test,556.4291377462807,25.888945191466227
b2c42,B2,old,5.2C(50%)-4.25C,474.0,B2 test,617.3800734791542,30.248960649610602
b2c43,B2,new,4.8C(80%)-4.8C-newstructure,1029.0,B2 test,1411.3202514594523,37.15454338770187
b2c44,B2,new,5.2C(58%)-4C-newstructure,841.0,B2 test,1505.7120725750829,79.03829638229286
b2c45,B2,new,5.6C(26%)-4.5C-newstructure,997.0,B2 test,1390.8339133896966,39.50189703005984
b2c46,B2,old,4.8C(80%)-4.8C,503.0,B2 test,699.9485255954951,39.15477646033699
